INSERT INTO publishers (id, name, phone, email, website) VALUES
(1,  'Companhia das Letras',   '(11) 3707-3500', 'contato@companhiadasletras.com.br',  'https://www.companhiadasletras.com.br'),
(2,  'Record',                 '(21) 2585-2000', 'contato@record.com.br',               'https://www.record.com.br'),
(3,  'Rocco',                  '(21) 2529-6000', 'info@rocco.com.br',                   'https://www.rocco.com.br'),
(4,  'Intrínseca',             '(21) 3525-6878', 'contato@intrinseca.com.br',           'https://www.intrinseca.com.br'),
(5,  'Sextante',               '(21) 2538-4100', 'sextante@sextante.com.br',            'https://www.sextante.com.br'),
(6,  'Globo Livros',           '(11) 3767-7170', 'globolivros@globo.com',               'https://www.globolivros.com.br'),
(7,  'Editora Vozes',          '(24) 2233-9000', 'vozes@vozes.com.br',                  'https://www.vozes.com.br'),
(8,  'L&PM Editores',          '(51) 3225-5379', 'lpm@lpm.com.br',                      'https://www.lpm.com.br'),
(9,  'Planeta',                '(11) 2108-2800', 'planeta@planeta.com.br',              'https://www.planeta.com.br'),
(10, 'Martins Fontes',         '(11) 3241-3677', 'martinsfontes@mf.com.br',             'https://www.martinsfontes.com.br'),
(11, 'Abril',                  '(11) 5087-2000', 'abril@abril.com.br',                  'https://www.abril.com.br'),
(12, 'FTD',                    '(11) 3034-0900', 'ftd@ftd.com.br',                      'https://www.ftd.com.br'),
(13, 'Ática',                  '(11) 3346-3401', 'atica@atica.com.br',                  'https://www.atica.com.br'),
(14, 'Saraiva',                '(11) 3613-3000', 'saraiva@saraiva.com.br',              'https://www.saraiva.com.br'),
(15, 'Moderna',                '(11) 2602-5510', 'moderna@moderna.com.br',              'https://www.moderna.com.br'),
(16, 'Scipione',               '(11) 3346-3888', 'scipione@scipione.com.br',            'https://www.scipione.com.br'),
(17, 'Pearson',                '(11) 4196-6000', 'pearson@pearson.com',                 'https://www.pearson.com/br'),
(18, 'Campus/Elsevier',        '(21) 3970-9300', 'campus@elsevier.com',                 'https://www.campus.com.br'),
(19, 'Bookman',                '(51) 3027-7000', 'bookman@bookman.com.br',              'https://www.bookman.com.br'),
(20, 'Érica',                  '(11) 2898-9740', 'erica@editoraerica.com.br',           'https://www.editoraerica.com.br'),
(21, 'Novatec',                '(11) 5585-1314', 'novatec@novatec.com.br',              'https://www.novatec.com.br'),
(22, 'Brasiliense',            '(11) 3392-3900', 'brasiliense@brasiliense.com.br',      'https://www.brasiliense.com.br'),
(23, 'Objetiva',               '(21) 3804-4900', 'objetiva@objetiva.com.br',            'https://www.objetiva.com.br'),
(24, 'Darkside Books',         '(21) 3902-1700', 'darkside@darksidebooks.com.br',       'https://www.darksidebooks.com.br'),
(25, 'Aleph',                  '(11) 3214-1660', 'aleph@aleph.com.br',                  'https://www.aleph.com.br'),
(26, 'Belas-Letras',           '(11) 3213-9799', 'belasletras@belasletras.com.br',      'https://www.belasletras.com.br'),
(27, 'Penguin-Companhia',      '(11) 3707-3700', 'penguin@penguincompanhia.com.br',     'https://www.penguincompanhia.com.br'),
(28, 'Harper Collins Brasil',  '(11) 3895-0600', 'harpercollins@harpercollins.com.br', 'https://www.harpercollins.com.br'),
(29, 'Suma de Letras',         '(21) 2122-6200', 'suma@sumadeletras.com.br',            'https://www.sumadeletras.com.br'),
(30, 'Universo dos Livros',    '(11) 3872-3444', 'universo@universodoslivros.com.br',   'https://www.universodoslivros.com.br');

INSERT INTO categories (id, name, description, is_active) VALUES
(1,  'Literatura Brasileira',      'Obras de autores brasileiros',                         true),
(2,  'Literatura Estrangeira',     'Obras de autores internacionais traduzidas',            true),
(3,  'Ficção Científica',          'Narrativas futuristas e tecnológicas',                  true),
(4,  'Fantasia',                   'Mundos imaginários e seres míticos',                    true),
(5,  'Terror e Horror',            'Obras de suspense e medo',                              true),
(6,  'Romance',                    'Narrativas focadas em relacionamentos afetivos',        true),
(7,  'Biografia e Autobiografia',  'Histórias de vida de pessoas reais',                   true),
(8,  'História',                   'Obras sobre eventos históricos e civilizações',         true),
(9,  'Filosofia',                  'Obras de reflexão filosófica e pensamento crítico',     true),
(10, 'Ciências Humanas',           'Sociologia, Psicologia, Antropologia e áreas afins',   true),
(11, 'Ciências Exatas',            'Matemática, Física, Química e Computação',             true),
(12, 'Infantil e Juvenil',         'Obras para crianças e adolescentes',                   true),
(13, 'Autoajuda',                  'Livros motivacionais e de desenvolvimento pessoal',     true),
(14, 'Tecnologia',                 'Programação, redes, IA e afins',                       true),
(15, 'Direito',                    'Legislação, jurisprudência e ciências jurídicas',       true);

INSERT INTO user_types (id, name, max_loans, loan_days, fine_per_day) VALUES
(1, 'Estudante',    3,  14, 0.50),
(2, 'Professor',    5,  30, 0.30),
(3, 'Comunidade',   2,   7, 1.00),
(4, 'Pesquisador',  8,  45, 0.20),
(5, 'Funcionário',  4,  21, 0.00);

INSERT INTO authors (id, name, birth_date, nationality) VALUES
(1,  'Machado de Assis',         '1839-06-21', 'Brasileiro'),
(2,  'João Guimarães Rosa',      '1908-06-27', 'Brasileiro'),
(3,  'Aluísio Azevedo',          '1857-04-14', 'Brasileiro'),
(4,  'Clarice Lispector',        '1920-12-10', 'Brasileira'),
(5,  'J.K. Rowling',             '1965-07-31', 'Britânica'),
(6,  'J.R.R. Tolkien',           '1892-01-03', 'Britânico'),
(7,  'George Orwell',            '1903-06-25', 'Britânico'),
(8,  'Aldous Huxley',            '1894-07-26', 'Britânico'),
(9,  'Gabriel García Márquez',   '1927-03-06', 'Colombiano'),
(10, 'Antoine de Saint-Exupéry', '1900-06-29', 'Francês'),
(11, 'Fyodor Dostoevsky',        '1821-11-11', 'Russo'),
(12, 'Franz Kafka',              '1883-07-03', 'Austro-Húngaro'),
(13, 'Paulo Coelho',             '1947-08-24', 'Brasileiro'),
(14, 'Yuval Noah Harari',        '1976-02-24', 'Israelense'),
(15, 'Robert C. Martin',         '1952-12-05', 'Americano'),
(16, 'Douglas Adams',            '1952-03-11', 'Britânico'),
(17, 'Isaac Asimov',             '1920-01-02', 'Americano'),
(18, 'William Gibson',           '1948-03-17', 'Americano'),
(19, 'Umberto Eco',              '1932-01-05', 'Italiano'),
(20, 'Ray Bradbury',             '1920-08-22', 'Americano'),
(21, 'Khaled Hosseini',          '1965-03-04', 'Afegão'),
(22, 'Markus Zusak',             '1975-06-23', 'Australiano'),
(23, 'William Paul Young',       '1955-05-11', 'Canadense'),
(24, 'Rick Riordan',             '1964-06-05', 'Americano'),
(25, 'Anne Frank',               '1929-06-12', 'Alemã'),
(26, 'Stephenie Meyer',          '1973-12-24', 'Americana'),
(27, 'Robert Louis Stevenson',   '1850-11-13', 'Britânico'),
(28, 'Margareth de Melo',        '1972-04-18', 'Brasileira'),
(29, 'Lya Luft',                 '1938-09-15', 'Brasileira'),
(30, 'Mia Couto',                '1955-07-05', 'Moçambicano');

INSERT INTO users (id, full_name, document_number, email, phone, address, user_type_id) VALUES
(1,  'Ana Carolina Souza',        '11122233301', 'ana.souza@email.com',         '(71) 99001-0001', 'Rua das Flores, 10, Feira de Santana-BA',     1),
(2,  'Bruno Lima Santos',         '11122233302', 'bruno.santos@email.com',      '(71) 99001-0002', 'Av. Senhor dos Passos, 200, Salvador-BA',     1),
(3,  'Carla Oliveira Mendes',     '11122233303', 'carla.mendes@email.com',      '(71) 99001-0003', 'Rua do Progresso, 55, Feira de Santana-BA',   2),
(4,  'Diego Ferreira Costa',      '11122233304', 'diego.costa@email.com',       '(71) 99001-0004', 'Travessa da Paz, 32, Salvador-BA',            1),
(5,  'Eduarda Ramos Vieira',      '11122233305', 'eduarda.vieira@email.com',    '(74) 99001-0005', 'Rua Nova, 87, Serrinha-BA',                   3),
(6,  'Felipe Alves Barbosa',      '11122233306', 'felipe.barbosa@email.com',    '(71) 99001-0006', 'Rua da Alegria, 14, Feira de Santana-BA',     1),
(7,  'Gabriela Torres Leal',      '11122233307', 'gabriela.leal@email.com',     '(71) 99001-0007', 'Av. Presidente Dutra, 311, Salvador-BA',      2),
(8,  'Henrique Nunes Cardoso',    '11122233308', 'henrique.cardoso@email.com',  '(71) 99001-0008', 'Rua dos Ipês, 22, Feira de Santana-BA',       1),
(9,  'Isabela Carvalho Pinto',    '11122233309', 'isabela.pinto@email.com',     '(71) 99001-0009', 'Rua da Esperança, 77, Salvador-BA',           4),
(10, 'João Batista Rodrigues',    '11122233310', 'joao.rodrigues@email.com',    '(74) 99001-0010', 'Praça da Liberdade, 5, Alagoinhas-BA',        1),
(11, 'Karina Moura Teixeira',     '11122233311', 'karina.teixeira@email.com',   '(71) 99001-0011', 'Rua das Palmeiras, 90, Feira de Santana-BA',  3),
(12, 'Lucas Pereira Gomes',       '11122233312', 'lucas.gomes@email.com',       '(71) 99001-0012', 'Av. Contorno, 450, Salvador-BA',              2),
(13, 'Marina Castro Fonseca',     '11122233313', 'marina.fonseca@email.com',    '(75) 99001-0013', 'Rua das Acácias, 123, Camaçari-BA',           1),
(14, 'Natalia Ribeiro Cunha',     '11122233314', 'natalia.cunha@email.com',     '(71) 99001-0014', 'Rua Nova Esperança, 60, Feira de Santana-BA', 4),
(15, 'Otávio Dias Monteiro',      '11122233315', 'otavio.monteiro@email.com',   '(71) 99001-0015', 'Av. Brasil, 999, Salvador-BA',                1),
(16, 'Patrícia Araújo Leite',     '11122233316', 'patricia.leite@email.com',    '(71) 99001-0016', 'Rua das Orquídeas, 34, Feira de Santana-BA',  2),
(17, 'Rafael Sousa Miranda',      '11122233317', 'rafael.miranda@email.com',    '(74) 99001-0017', 'Travessa São João, 8, Serrinha-BA',           1),
(18, 'Simone Vasconcelos Cruz',   '11122233318', 'simone.cruz@email.com',       '(71) 99001-0018', 'Rua da União, 77, Salvador-BA',               3),
(19, 'Thiago Melo Cavalcante',    '11122233319', 'thiago.cavalcante@email.com', '(71) 99001-0019', 'Rua Sete de Setembro, 101, Feira-BA',         1),
(20, 'Ursula Freitas Azevedo',    '11122233320', 'ursula.azevedo@email.com',    '(71) 99001-0020', 'Av. Oceânica, 204, Salvador-BA',              4),
(21, 'Vinícius Almeida Rocha',    '11122233321', 'vinicius.rocha@email.com',    '(71) 99001-0021', 'Rua Independência, 50, Feira de Santana-BA',  1),
(22, 'Wanda Correia Nascimento',  '11122233322', 'wanda.nascimento@email.com',  '(74) 99001-0022', 'Rua das Mangueiras, 18, Alagoinhas-BA',       1),
(23, 'Xavier Borges Queiroz',     '11122233323', 'xavier.queiroz@email.com',    '(71) 99001-0023', 'Rua Tiradentes, 300, Salvador-BA',            2),
(24, 'Yasmin Campos Lima',        '11122233324', 'yasmin.lima@email.com',       '(71) 99001-0024', 'Rua Quinze de Novembro, 9, Feira-BA',         1),
(25, 'Zélia Tavares Santos',      '11122233325', 'zelia.santos@email.com',      '(71) 99001-0025', 'Largo do Pelourinho, 3, Salvador-BA',         3),
(26, 'Alexandre Peixoto Dantas',  '11122233326', 'alexandre.dantas@email.com',  '(71) 99001-0026', 'Av. Milton Santos, 66, Salvador-BA',          1),
(27, 'Beatriz Guimarães Falcão',  '11122233327', 'beatriz.falcao@email.com',    '(74) 99001-0027', 'Rua do Comércio, 44, Serrinha-BA',            2),
(28, 'César Mendonça Paiva',      '11122233328', 'cesar.paiva@email.com',       '(71) 99001-0028', 'Rua Santa Clara, 71, Feira de Santana-BA',    4),
(29, 'Denise Luz Brandão',        '11122233329', 'denise.brandao@email.com',    '(71) 99001-0029', 'Av. Paralela, 528, Salvador-BA',              1),
(30, 'Emerson Siqueira Nogueira', '11122233330', 'emerson.nogueira@email.com',  '(75) 99001-0030', 'Rua das Laranjeiras, 11, Camaçari-BA',        2);

INSERT INTO employees (id, full_name, document_number, email, phone, role, hired_at) VALUES
(1,  'Sandra Lopes Andrade',   '22233344401', 'sandra.andrade@biblioteca.com',   '(71) 98000-0001', 'Bibliotecária-Chefe',        '2010-03-01'),
(2,  'Ricardo Matos Bispo',    '22233344402', 'ricardo.bispo@biblioteca.com',    '(71) 98000-0002', 'Auxiliar de Biblioteca',     '2012-06-15'),
(3,  'Fernanda Lima Costa',    '22233344403', 'fernanda.costa@biblioteca.com',   '(71) 98000-0003', 'Atendente',                  '2014-02-10'),
(4,  'Marcos Saraiva Duarte',  '22233344404', 'marcos.duarte@biblioteca.com',    '(71) 98000-0004', 'Catalogador',                '2015-07-20'),
(5,  'Lúcia Moreira Esteves',  '22233344405', 'lucia.esteves@biblioteca.com',    '(71) 98000-0005', 'Atendente',                  '2016-01-05'),
(6,  'Paulo Figueiredo Gama',  '22233344406', 'paulo.gama@biblioteca.com',       '(71) 98000-0006', 'Auxiliar de Biblioteca',     '2016-09-12'),
(7,  'Sônia Barros Hollanda',  '22233344407', 'sonia.hollanda@biblioteca.com',   '(71) 98000-0007', 'Supervisora de Acervo',      '2011-11-30'),
(8,  'André Ivo Jacinto',      '22233344408', 'andre.jacinto@biblioteca.com',    '(71) 98000-0008', 'Atendente',                  '2018-04-22'),
(9,  'Cristina Kleber Lauro',  '22233344409', 'cristina.lauro@biblioteca.com',   '(71) 98000-0009', 'Auxiliar de Biblioteca',     '2019-08-01'),
(10, 'Daniel Macedo Nery',     '22233344410', 'daniel.nery@biblioteca.com',      '(71) 98000-0010', 'Atendente',                  '2020-03-15'),
(11, 'Eliane Oliveira Prado',  '22233344411', 'eliane.prado@biblioteca.com',     '(71) 98000-0011', 'Catalogadora',               '2017-05-18'),
(12, 'Fábio Queiroz Ramos',    '22233344412', 'fabio.ramos@biblioteca.com',      '(71) 98000-0012', 'Auxiliar de TI',             '2018-10-01'),
(13, 'Glória Sá Tenório',      '22233344413', 'gloria.tenorio@biblioteca.com',   '(71) 98000-0013', 'Atendente',                  '2019-01-07'),
(14, 'Hugo Ulisses Viana',     '22233344414', 'hugo.viana@biblioteca.com',       '(71) 98000-0014', 'Auxiliar de Biblioteca',     '2020-07-20'),
(15, 'Íris Xavier Yunes',      '22233344415', 'iris.yunes@biblioteca.com',       '(71) 98000-0015', 'Atendente',                  '2021-02-01'),
(16, 'Jorge Zanini Abreu',     '22233344416', 'jorge.abreu@biblioteca.com',      '(71) 98000-0016', 'Catalogador',                '2013-06-06'),
(17, 'Kelly Braga Canto',      '22233344417', 'kelly.canto@biblioteca.com',      '(71) 98000-0017', 'Supervisora de Atendimento', '2012-12-12'),
(18, 'Leonardo Diniz Eiras',   '22233344418', 'leonardo.eiras@biblioteca.com',   '(71) 98000-0018', 'Auxiliar de Biblioteca',     '2022-01-10'),
(19, 'Mônica Fontes Guedes',   '22233344419', 'monica.guedes@biblioteca.com',    '(71) 98000-0019', 'Atendente',                  '2022-03-21'),
(20, 'Nelson Henriques Igor',  '22233344420', 'nelson.igor@biblioteca.com',      '(71) 98000-0020', 'Auxiliar de Biblioteca',     '2022-08-08'),
(21, 'Olga Jardim Keller',     '22233344421', 'olga.keller@biblioteca.com',      '(71) 98000-0021', 'Atendente',                  '2023-01-15'),
(22, 'Pedro Lira Matos',       '22233344422', 'pedro.matos@biblioteca.com',      '(71) 98000-0022', 'Auxiliar de Biblioteca',     '2023-04-01'),
(23, 'Quésia Nóbrega Orsini',  '22233344423', 'quesia.orsini@biblioteca.com',    '(71) 98000-0023', 'Catalogadora',               '2021-09-09'),
(24, 'Roberto Paes Quintela',  '22233344424', 'roberto.quintela@biblioteca.com', '(71) 98000-0024', 'Atendente',                  '2020-11-11'),
(25, 'Sheila Rocha Salete',    '22233344425', 'sheila.salete@biblioteca.com',    '(71) 98000-0025', 'Auxiliar de Biblioteca',     '2019-07-07'),
(26, 'Túlio Serrano Taís',     '22233344426', 'tulio.tais@biblioteca.com',       '(71) 98000-0026', 'Auxiliar de Biblioteca',     '2018-02-28'),
(27, 'Urânia Vasques Wilma',   '22233344427', 'urania.wilma@biblioteca.com',     '(71) 98000-0027', 'Atendente',                  '2017-10-10'),
(28, 'Vanda Xavier Yara',      '22233344428', 'vanda.yara@biblioteca.com',       '(71) 98000-0028', 'Supervisora de Acervo',      '2011-05-25'),
(29, 'Wallace Zanelato Abner', '22233344429', 'wallace.abner@biblioteca.com',    '(71) 98000-0029', 'Auxiliar de TI',             '2020-06-01'),
(30, 'Zora Alves Bento',       '22233344430', 'zora.bento@biblioteca.com',       '(71) 98000-0030', 'Atendente',                  '2023-10-01');

INSERT INTO books (id, title, isbn, edition, publication_year, language, pages, publisher_id) VALUES
(1,  'Dom Casmurro',                        '9788535902775', '1ª',  1899, 'Português', 256,  1),
(2,  'Grande Sertão: Veredas',              '9788520923981', '1ª',  1956, 'Português', 608,  2),
(3,  'O Cortiço',                           '9788535038231', '2ª',  1890, 'Português', 272,  1),
(4,  'Memórias Póstumas de Brás Cubas',     '9788535903543', '1ª',  1881, 'Português', 256,  1),
(5,  'A Hora da Estrela',                   '9788535904601', '1ª',  1977, 'Português', 96,   3),
(6,  'Harry Potter e a Pedra Filosofal',    '9788532513825', '1ª',  1997, 'Português', 264,  4),
(7,  'O Senhor dos Anéis',                  '9788526405883', '2ª',  1954, 'Português', 1178, 5),
(8,  '1984',                                '9788528003551', '1ª',  1949, 'Português', 304,  1),
(9,  'Admirável Mundo Novo',                '9788528003070', '1ª',  1932, 'Português', 311,  1),
(10, 'Cem Anos de Solidão',                 '9788501073904', '1ª',  1967, 'Português', 448,  2),
(11, 'O Pequeno Príncipe',                  '9788532506353', '5ª',  1943, 'Português', 96,   4),
(12, 'Crime e Castigo',                     '9788525046190', '1ª',  1866, 'Português', 560,  1),
(13, 'A Metamorfose',                       '9788528001496', '1ª',  1915, 'Português', 96,   1),
(14, 'O Processo',                          '9788528002004', '1ª',  1925, 'Português', 256,  1),
(15, 'O Alquimista',                        '9788532501136', '1ª',  1988, 'Português', 208,  4),
(16, 'Sapiens',                             '9788543704623', '1ª',  2011, 'Português', 464,  6),
(17, 'Código Limpo',                        '9788576080657', '1ª',  2008, 'Português', 464,  17),
(18, 'O Guia do Mochileiro das Galáxias',   '9788532522377', '1ª',  1979, 'Português', 224,  4),
(19, 'Fundação',                            '9788528004015', '1ª',  1951, 'Português', 296,  1),
(20, 'Neuromancer',                         '9788576570443', '1ª',  1984, 'Português', 288,  21),
(21, 'O Nome da Rosa',                      '9788535901075', '1ª',  1980, 'Português', 576,  1),
(22, 'Fahrenheit 451',                      '9788528002639', '1ª',  1953, 'Português', 208,  1),
(23, 'A Revolução dos Bichos',              '9788528003162', '1ª',  1945, 'Português', 144,  1),
(24, 'O Hobbit',                            '9788526405876', '3ª',  1937, 'Português', 336,  5),
(25, 'Percy Jackson e o Ladrão de Raios',   '9788501082890', '1ª',  2005, 'Português', 376,  2),
(26, 'O Diário de Anne Frank',              '9788560950674', '1ª',  1947, 'Português', 344,  8),
(27, 'A Cabana',                            '9788576572072', '1ª',  2007, 'Português', 304,  21),
(28, 'Caçador de Pipas',                    '9788525037488', '1ª',  2003, 'Português', 368,  1),
(29, 'A Menina que Roubava Livros',         '9788525050951', '1ª',  2005, 'Português', 560,  1),
(30, 'O Médico e o Monstro',               '9788528003643', '1ª',  1886, 'Português', 96,   1);

INSERT INTO book_copies (id, book_id, barcode, acquisition_date, status, location) VALUES
(1,  1,  'BC-00001', '2020-01-10', 'disponivel', 'Estante A1'), (2,  2,  'BC-00002', '2020-01-10', 'disponivel', 'Estante A2'),
(3,  3,  'BC-00003', '2020-02-05', 'disponivel', 'Estante A3'), (4,  4,  'BC-00004', '2020-02-05', 'disponivel', 'Estante A4'),
(5,  5,  'BC-00005', '2020-03-15', 'disponivel', 'Estante A5'), (6,  6,  'BC-00006', '2020-03-15', 'emprestado', 'Estante B1'),
(7,  7,  'BC-00007', '2020-04-20', 'disponivel', 'Estante B2'), (8,  8,  'BC-00008', '2020-04-20', 'disponivel', 'Estante B3'),
(9,  9,  'BC-00009', '2020-05-01', 'disponivel', 'Estante B4'), (10, 10, 'BC-00010', '2020-05-01', 'emprestado', 'Estante B5'),
(11, 11, 'BC-00011', '2020-06-10', 'disponivel', 'Estante C1'), (12, 12, 'BC-00012', '2020-06-10', 'disponivel', 'Estante C2'),
(13, 13, 'BC-00013', '2020-07-22', 'reservado',  'Estante C3'), (14, 14, 'BC-00014', '2020-07-22', 'disponivel', 'Estante C4'),
(15, 15, 'BC-00015', '2020-08-30', 'disponivel', 'Estante C5'), (16, 16, 'BC-00016', '2020-08-30', 'emprestado', 'Estante D1'),
(17, 17, 'BC-00017', '2020-09-14', 'disponivel', 'Estante D2'), (18, 18, 'BC-00018', '2020-09-14', 'disponivel', 'Estante D3'),
(19, 19, 'BC-00019', '2020-10-05', 'disponivel', 'Estante D4'), (20, 20, 'BC-00020', '2020-10-05', 'em_reparo',  'Estante D5'),
(21, 21, 'BC-00021', '2020-11-18', 'disponivel', 'Estante E1'), (22, 22, 'BC-00022', '2020-11-18', 'disponivel', 'Estante E2'),
(23, 23, 'BC-00023', '2020-12-01', 'emprestado', 'Estante E3'), (24, 24, 'BC-00024', '2020-12-01', 'disponivel', 'Estante E4'),
(25, 25, 'BC-00025', '2021-01-07', 'disponivel', 'Estante E5'), (26, 26, 'BC-00026', '2021-01-07', 'disponivel', 'Estante F1'),
(27, 27, 'BC-00027', '2021-02-14', 'disponivel', 'Estante F2'), (28, 28, 'BC-00028', '2021-02-14', 'emprestado', 'Estante F3'),
(29, 29, 'BC-00029', '2021-03-20', 'disponivel', 'Estante F4'), (30, 30, 'BC-00030', '2021-03-20', 'disponivel', 'Estante F5');

INSERT INTO author_book (author_id, book_id) VALUES
(1, 1), (2, 2), (3, 3), (1, 4), (4, 5), (5, 6),  (6, 7),  (7, 8),  (8, 9),  (9, 10),
(10, 11), (11, 12), (12, 13), (12, 14), (13, 15), (14, 16), (15, 17), (16, 18), (17, 19), (18, 20),
(19, 21), (20, 22), (7, 23),  (6, 24),  (24, 25), (25, 26), (23, 27), (21, 28), (22, 29), (27, 30);

INSERT INTO loans (id, user_id, employee_id, loan_date, due_date, return_date, status) VALUES
(1,  1,  1, '2024-01-05', '2024-01-19', '2024-01-18', 'devolvido'), (2,  2,  2, '2024-01-08', '2024-01-22', '2024-01-25', 'devolvido'),
(3,  3,  1, '2024-01-10', '2024-02-09', '2024-02-07', 'devolvido'), (4,  4,  3, '2024-01-12', '2024-01-26', null,         'atrasado'),
(5,  5,  2, '2024-01-15', '2024-01-22', '2024-01-22', 'devolvido'), (6,  6,  1, '2024-01-18', '2024-02-01', null,         'ativo'),
(7,  7,  4, '2024-01-20', '2024-02-19', '2024-02-18', 'devolvido'), (8,  8,  3, '2024-01-22', '2024-02-05', null,         'atrasado'),
(9,  9,  1, '2024-01-25', '2024-03-10', null,         'ativo'),     (10, 10, 2, '2024-01-28', '2024-02-11', '2024-02-10', 'devolvido'),
(11, 11, 5, '2024-02-01', '2024-02-08', '2024-02-12', 'devolvido'), (12, 12, 1, '2024-02-03', '2024-03-04', '2024-03-01', 'devolvido'),
(13, 13, 3, '2024-02-05', '2024-02-19', null,         'atrasado'),  (14, 14, 2, '2024-02-07', '2024-03-23', null,         'ativo'),
(15, 15, 4, '2024-02-10', '2024-02-24', '2024-02-23', 'devolvido'), (16, 16, 1, '2024-02-12', '2024-03-12', '2024-03-10', 'devolvido'),
(17, 17, 5, '2024-02-15', '2024-03-01', '2024-03-05', 'devolvido'), (18, 18, 3, '2024-02-18', '2024-02-25', null,         'atrasado'),
(19, 19, 2, '2024-02-20', '2024-03-05', '2024-03-03', 'devolvido'), (20, 20, 1, '2024-02-22', '2024-04-06', null,         'ativo'),
(21, 21, 4, '2024-03-01', '2024-03-15', '2024-03-14', 'devolvido'), (22, 22, 5, '2024-03-05', '2024-03-19', '2024-03-20', 'devolvido'),
(23, 23, 2, '2024-03-08', '2024-03-22', null,         'atrasado'),  (24, 24, 3, '2024-03-10', '2024-03-24', '2024-03-24', 'devolvido'),
(25, 25, 1, '2024-03-12', '2024-03-26', null,         'ativo'),     (26, 26, 4, '2024-03-15', '2024-03-29', '2024-03-28', 'devolvido'),
(27, 27, 2, '2024-03-18', '2024-04-01', null,         'ativo'),     (28, 28, 5, '2024-03-20', '2024-04-03', '2024-04-03', 'devolvido'),
(29, 29, 1, '2024-03-22', '2024-04-05', null,         'atrasado'),  (30, 30, 3, '2024-03-25', '2024-04-08', '2024-04-07', 'devolvido');

INSERT INTO loan_items (id, loan_id, book_copy_id, item_status) VALUES
(1,  1,  1,  'devolvido'), (2,  2,  2,  'devolvido'), (3,  3,  3,  'devolvido'), (4,  4,  4,  'emprestado'), (5,  5,  5,  'devolvido'),
(6,  6,  6,  'emprestado'),(7,  7,  7,  'devolvido'), (8,  8,  8,  'emprestado'),(9,  9,  9,  'emprestado'), (10, 10, 10, 'devolvido'),
(11, 11, 11, 'devolvido'), (12, 12, 12, 'devolvido'), (13, 13, 13, 'emprestado'),(14, 14, 14, 'emprestado'), (15, 15, 15, 'devolvido'),
(16, 16, 16, 'devolvido'), (17, 17, 17, 'devolvido'), (18, 18, 18, 'emprestado'),(19, 19, 19, 'devolvido'),  (20, 20, 20, 'emprestado'),
(21, 21, 21, 'devolvido'), (22, 22, 22, 'devolvido'), (23, 23, 23, 'emprestado'),(24, 24, 24, 'devolvido'),  (25, 25, 25, 'emprestado'),
(26, 26, 26, 'devolvido'), (27, 27, 27, 'emprestado'),(28, 28, 28, 'devolvido'), (29, 29, 29, 'emprestado'), (30, 30, 30, 'devolvido');

INSERT INTO reservations (id, user_id, book_id, reservation_date, expiration_date, status) VALUES
(1,  1,  6,  '2024-01-03', '2024-01-10', 'atendida'),  (2,  2,  10, '2024-01-06', '2024-01-13', 'cancelada'),
(3,  3,  1,  '2024-01-09', '2024-01-16', 'pendente'),  (4,  4,  16, '2024-01-11', '2024-01-18', 'atendida'),
(5,  5,  7,  '2024-01-13', '2024-01-20', 'expirada'),  (6,  6,  2,  '2024-01-16', '2024-01-23', 'pendente'),
(7,  7,  11, '2024-01-19', '2024-01-26', 'atendida'),  (8,  8,  3,  '2024-01-21', '2024-01-28', 'pendente'),
(9,  9,  17, '2024-01-24', '2024-01-31', 'pendente'),  (10, 10, 8,  '2024-01-27', '2024-02-03', 'atendida'),
(11, 11, 4,  '2024-01-30', '2024-02-06', 'expirada'),  (12, 12, 15, '2024-02-02', '2024-02-09', 'pendente'),
(13, 13, 9,  '2024-02-04', '2024-02-11', 'cancelada'), (14, 14, 6,  '2024-02-06', '2024-02-13', 'atendida'),
(15, 15, 12, '2024-02-08', '2024-02-15', 'pendente'),  (16, 16, 20, '2024-02-11', '2024-02-18', 'pendente'),
(17, 17, 5,  '2024-02-13', '2024-02-20', 'atendida'),  (18, 18, 13, '2024-02-16', '2024-02-23', 'pendente'),
(19, 19, 18, '2024-02-19', '2024-02-26', 'atendida'),  (20, 20, 1,  '2024-02-21', '2024-02-28', 'expirada'),
(21, 21, 14, '2024-03-01', '2024-03-08', 'pendente'),  (22, 22, 7,  '2024-03-04', '2024-03-11', 'atendida'),
(23, 23, 19, '2024-03-07', '2024-03-14', 'cancelada'), (24, 24, 2,  '2024-03-09', '2024-03-16', 'pendente'),
(25, 25, 11, '2024-03-11', '2024-03-18', 'atendida'),  (26, 26, 3,  '2024-03-14', '2024-03-21', 'pendente'),
(27, 27, 16, '2024-03-17', '2024-03-24', 'pendente'),  (28, 28, 8,  '2024-03-19', '2024-03-26', 'atendida'),
(29, 29, 4,  '2024-03-21', '2024-03-28', 'pendente'),  (30, 30, 10, '2024-03-24', '2024-03-31', 'atendida');

INSERT INTO fines (id, user_id, loan_id, amount, reason, issued_date, is_paid, paid_date) VALUES
(1,  2,  2,  1.50,  'Atraso na devolução',       '2024-01-26', true,  '2024-01-28'),
(2,  4,  4,  8.00,  'Atraso na devolução',       '2024-02-12', false, null),
(3,  8,  8,  5.00,  'Atraso na devolução',       '2024-02-20', false, null),
(4,  11, 11, 2.00,  'Atraso na devolução',       '2024-02-13', true,  '2024-02-15'),
(5,  13, 13, 6.50,  'Atraso na devolução',       '2024-03-05', false, null),
(6,  17, 17, 1.20,  'Atraso na devolução',       '2024-03-06', true,  '2024-03-08'),
(7,  18, 18, 4.50,  'Atraso na devolução',       '2024-03-10', false, null),
(8,  22, 22, 0.50,  'Atraso na devolução',       '2024-03-21', true,  '2024-03-22'),
(9,  23, 23, 7.00,  'Atraso na devolução',       '2024-04-01', false, null),
(10, 29, 29, 3.00,  'Atraso na devolução',       '2024-04-10', false, null),
(11, 1,  1,  0.00,  'Dano leve na capa',         '2024-01-19', true,  '2024-01-19'),
(12, 3,  3,  10.00, 'Dano na lombada do livro',  '2024-02-07', false, null),
(13, 5,  5,  0.00,  'Perda de marcador interno', '2024-01-22', true,  '2024-01-22'),
(14, 6,  6,  5.00,  'Páginas rasgadas',          '2024-03-15', false, null),
(15, 7,  7,  0.00,  'Manchas internas',          '2024-02-18', true,  '2024-02-20'),
(16, 9,  9,  15.00, 'Livro perdido',             '2024-03-20', false, null),
(17, 10, 10, 0.00,  'Riscos a lápis',            '2024-02-11', true,  '2024-02-11'),
(18, 12, 12, 2.50,  'Atraso na devolução',       '2024-03-02', true,  '2024-03-05'),
(19, 14, 14, 0.90,  'Atraso na devolução',       '2024-04-01', false, null),
(20, 15, 15, 0.00,  'Dobra nas páginas',         '2024-02-23', true,  '2024-02-23'),
(21, 16, 16, 0.00,  'Capa solta',                '2024-03-10', false, null),
(22, 19, 19, 2.00,  'Atraso na devolução',       '2024-03-06', true,  '2024-03-07'),
(23, 20, 20, 0.00,  'Manchas de café',           '2024-04-15', false, null),
(24, 21, 21, 0.00,  'Desgaste natural',          '2024-03-14', true,  '2024-03-14'),
(25, 24, 24, 0.00,  'Sem ocorrências',           '2024-03-24', true,  '2024-03-24'),
(26, 25, 25, 3.50,  'Atraso na devolução',       '2024-04-05', false, null),
(27, 26, 26, 0.00,  'Desgaste normal',           '2024-03-28', true,  '2024-03-28'),
(28, 27, 27, 0.00,  'Anotações a lápis',         '2024-04-05', false, null),
(29, 28, 28, 0.00,  'Sem ocorrências',           '2024-04-03', true,  '2024-04-03'),
(30, 30, 30, 0.00,  'Sem ocorrências',           '2024-04-07', true,  '2024-04-07');

